path,type,invoked,where,notes
.env,config,uncertain,needs-runtime-trace,
apps/api/audit-db.ts,code,uncertain,needs-runtime-trace,
apps/api/check-store.ts,code,uncertain,needs-runtime-trace,
apps/api/dist/apps/api/src/index.d.ts,build-artifact,uncertain,build-output,
apps/api/dist/apps/api/src/index.js,build-artifact,uncertain,build-output,
apps/api/dist/apps/api/src/index.js.map,build-artifact,uncertain,build-output,
apps/api/dist/apps/api/src/middlewares/context.middleware.d.ts,build-artifact,uncertain,build-output,
apps/api/dist/apps/api/src/middlewares/context.middleware.js,build-artifact,uncertain,build-output,
apps/api/dist/apps/api/src/middlewares/context.middleware.js.map,build-artifact,uncertain,build-output,
apps/api/dist/apps/api/src/providers/local-theme-file-provider.d.ts,build-artifact,uncertain,build-output,
apps/api/dist/apps/api/src/providers/local-theme-file-provider.js,build-artifact,uncertain,build-output,
apps/api/dist/apps/api/src/providers/local-theme-file-provider.js.map,build-artifact,uncertain,build-output,
apps/api/dist/apps/api/src/routes/runtime.routes.d.ts,build-artifact,uncertain,build-output,
apps/api/dist/apps/api/src/routes/runtime.routes.js,build-artifact,uncertain,build-output,
apps/api/dist/apps/api/src/routes/runtime.routes.js.map,build-artifact,uncertain,build-output,
apps/api/dist/apps/api/src/routes/simulator.routes.d.ts,build-artifact,uncertain,build-output,
apps/api/dist/apps/api/src/routes/simulator.routes.js,build-artifact,uncertain,build-output,
apps/api/dist/apps/api/src/routes/simulator.routes.js.map,build-artifact,uncertain,build-output,
apps/api/dist/apps/api/src/routes/store.routes.d.ts,build-artifact,uncertain,build-output,
apps/api/dist/apps/api/src/routes/store.routes.js,build-artifact,uncertain,build-output,
apps/api/dist/apps/api/src/routes/store.routes.js.map,build-artifact,uncertain,build-output,
apps/api/dist/apps/api/src/routes/system.routes.d.ts,build-artifact,uncertain,build-output,
apps/api/dist/apps/api/src/routes/system.routes.js,build-artifact,uncertain,build-output,
apps/api/dist/apps/api/src/routes/system.routes.js.map,build-artifact,uncertain,build-output,
apps/api/dist/apps/api/src/routes/theme.routes.d.ts,build-artifact,uncertain,build-output,
apps/api/dist/apps/api/src/routes/theme.routes.js,build-artifact,uncertain,build-output,
apps/api/dist/apps/api/src/routes/theme.routes.js.map,build-artifact,uncertain,build-output,
apps/api/dist/apps/api/src/services/context-resolver.d.ts,build-artifact,uncertain,build-output,
apps/api/dist/apps/api/src/services/context-resolver.js,build-artifact,uncertain,build-output,
apps/api/dist/apps/api/src/services/context-resolver.js.map,build-artifact,uncertain,build-output,
apps/api/dist/apps/api/src/utils/bootstrap.d.ts,build-artifact,uncertain,build-output,
apps/api/dist/apps/api/src/utils/bootstrap.js,build-artifact,uncertain,build-output,
apps/api/dist/apps/api/src/utils/bootstrap.js.map,build-artifact,uncertain,build-output,
apps/api/dist/index.d.ts,build-artifact,uncertain,build-output,
apps/api/dist/index.js,build-artifact,yes,script-target,
apps/api/dist/index.js.map,build-artifact,uncertain,build-output,
apps/api/dist/middlewares/context.middleware.d.ts,build-artifact,uncertain,build-output,
apps/api/dist/middlewares/context.middleware.js,build-artifact,uncertain,build-output,
apps/api/dist/middlewares/context.middleware.js.map,build-artifact,uncertain,build-output,
apps/api/dist/packages/engine/index.d.ts,build-artifact,uncertain,build-output,
apps/api/dist/packages/engine/index.js,build-artifact,uncertain,build-output,
apps/api/dist/packages/engine/index.js.map,build-artifact,uncertain,build-output,
apps/api/dist/packages/engine/src/core/composition-engine.d.ts,build-artifact,uncertain,build-output,
apps/api/dist/packages/engine/src/core/composition-engine.js,build-artifact,uncertain,build-output,
apps/api/dist/packages/engine/src/core/composition-engine.js.map,build-artifact,uncertain,build-output,
apps/api/dist/packages/engine/src/core/content-manager.d.ts,build-artifact,uncertain,build-output,
apps/api/dist/packages/engine/src/core/content-manager.js,build-artifact,uncertain,build-output,
apps/api/dist/packages/engine/src/core/content-manager.js.map,build-artifact,uncertain,build-output,
apps/api/dist/packages/engine/src/core/localization-service.d.ts,build-artifact,uncertain,build-output,
apps/api/dist/packages/engine/src/core/localization-service.js,build-artifact,uncertain,build-output,
apps/api/dist/packages/engine/src/core/localization-service.js.map,build-artifact,uncertain,build-output,
apps/api/dist/packages/engine/src/core/schema-service.d.ts,build-artifact,uncertain,build-output,
apps/api/dist/packages/engine/src/core/schema-service.js,build-artifact,uncertain,build-output,
apps/api/dist/packages/engine/src/core/schema-service.js.map,build-artifact,uncertain,build-output,
apps/api/dist/packages/engine/src/core/store-factory.d.ts,build-artifact,uncertain,build-output,
apps/api/dist/packages/engine/src/core/store-factory.js,build-artifact,uncertain,build-output,
apps/api/dist/packages/engine/src/core/store-factory.js.map,build-artifact,uncertain,build-output,
apps/api/dist/packages/engine/src/core/store-logic.d.ts,build-artifact,uncertain,build-output,
apps/api/dist/packages/engine/src/core/store-logic.js,build-artifact,uncertain,build-output,
apps/api/dist/packages/engine/src/core/store-logic.js.map,build-artifact,uncertain,build-output,
apps/api/dist/packages/engine/src/infra/file-system.interface.d.ts,build-artifact,uncertain,build-output,
apps/api/dist/packages/engine/src/infra/file-system.interface.js,build-artifact,uncertain,build-output,
apps/api/dist/packages/engine/src/infra/file-system.interface.js.map,build-artifact,uncertain,build-output,
apps/api/dist/packages/engine/src/infra/local-file-system.d.ts,build-artifact,uncertain,build-output,
apps/api/dist/packages/engine/src/infra/local-file-system.js,build-artifact,uncertain,build-output,
apps/api/dist/packages/engine/src/infra/local-file-system.js.map,build-artifact,uncertain,build-output,
apps/api/dist/packages/engine/src/infra/theme-file-provider.interface.d.ts,build-artifact,uncertain,build-output,
apps/api/dist/packages/engine/src/infra/theme-file-provider.interface.js,build-artifact,uncertain,build-output,
apps/api/dist/packages/engine/src/infra/theme-file-provider.interface.js.map,build-artifact,uncertain,build-output,
apps/api/dist/packages/engine/src/providers/seeder-service.d.ts,build-artifact,uncertain,build-output,
apps/api/dist/packages/engine/src/providers/seeder-service.js,build-artifact,uncertain,build-output,
apps/api/dist/packages/engine/src/providers/seeder-service.js.map,build-artifact,uncertain,build-output,
apps/api/dist/packages/engine/src/providers/simulator.service.d.ts,build-artifact,uncertain,build-output,
apps/api/dist/packages/engine/src/providers/simulator.service.js,build-artifact,uncertain,build-output,
apps/api/dist/packages/engine/src/providers/simulator.service.js.map,build-artifact,uncertain,build-output,
apps/api/dist/packages/engine/src/providers/synchronization-service.d.ts,build-artifact,uncertain,build-output,
apps/api/dist/packages/engine/src/providers/synchronization-service.js,build-artifact,uncertain,build-output,
apps/api/dist/packages/engine/src/providers/synchronization-service.js.map,build-artifact,uncertain,build-output,
apps/api/dist/packages/engine/src/rendering/renderer-service.d.ts,build-artifact,uncertain,build-output,
apps/api/dist/packages/engine/src/rendering/renderer-service.js,build-artifact,uncertain,build-output,
apps/api/dist/packages/engine/src/rendering/renderer-service.js.map,build-artifact,uncertain,build-output,
apps/api/dist/packages/engine/src/rendering/theme-loader.d.ts,build-artifact,uncertain,build-output,
apps/api/dist/packages/engine/src/rendering/theme-loader.js,build-artifact,uncertain,build-output,
apps/api/dist/packages/engine/src/rendering/theme-loader.js.map,build-artifact,uncertain,build-output,
apps/api/dist/packages/engine/src/rendering/theme-registry.d.ts,build-artifact,uncertain,build-output,
apps/api/dist/packages/engine/src/rendering/theme-registry.js,build-artifact,uncertain,build-output,
apps/api/dist/packages/engine/src/rendering/theme-registry.js.map,build-artifact,uncertain,build-output,
apps/api/dist/packages/engine/src/validators/salla-validator.d.ts,build-artifact,uncertain,build-output,
apps/api/dist/packages/engine/src/validators/salla-validator.js,build-artifact,uncertain,build-output,
apps/api/dist/packages/engine/src/validators/salla-validator.js.map,build-artifact,uncertain,build-output,
apps/api/dist/packages/engine/src/webhooks/hook-service.d.ts,build-artifact,uncertain,build-output,
apps/api/dist/packages/engine/src/webhooks/hook-service.js,build-artifact,uncertain,build-output,
apps/api/dist/packages/engine/src/webhooks/hook-service.js.map,build-artifact,uncertain,build-output,
apps/api/dist/packages/engine/src/webhooks/webhook-service.d.ts,build-artifact,uncertain,build-output,
apps/api/dist/packages/engine/src/webhooks/webhook-service.js,build-artifact,uncertain,build-output,
apps/api/dist/packages/engine/src/webhooks/webhook-service.js.map,build-artifact,uncertain,build-output,
apps/api/dist/renderer.service.d.ts,build-artifact,uncertain,build-output,
apps/api/dist/renderer.service.js,build-artifact,uncertain,build-output,
apps/api/dist/renderer.service.js.map,build-artifact,uncertain,build-output,
apps/api/dist/routes/mock.routes.d.ts,build-artifact,uncertain,build-output,
apps/api/dist/routes/mock.routes.js,build-artifact,uncertain,build-output,
apps/api/dist/routes/mock.routes.js.map,build-artifact,uncertain,build-output,
apps/api/dist/routes/runtime.routes.d.ts,build-artifact,uncertain,build-output,
apps/api/dist/routes/runtime.routes.js,build-artifact,uncertain,build-output,
apps/api/dist/routes/runtime.routes.js.map,build-artifact,uncertain,build-output,
apps/api/dist/routes/simulator.routes.d.ts,build-artifact,uncertain,build-output,
apps/api/dist/routes/simulator.routes.js,build-artifact,uncertain,build-output,
apps/api/dist/routes/simulator.routes.js.map,build-artifact,uncertain,build-output,
apps/api/dist/routes/store.routes.d.ts,build-artifact,uncertain,build-output,
apps/api/dist/routes/store.routes.js,build-artifact,uncertain,build-output,
apps/api/dist/routes/store.routes.js.map,build-artifact,uncertain,build-output,
apps/api/dist/routes/system.routes.d.ts,build-artifact,uncertain,build-output,
apps/api/dist/routes/system.routes.js,build-artifact,uncertain,build-output,
apps/api/dist/routes/system.routes.js.map,build-artifact,uncertain,build-output,
apps/api/dist/routes/theme.routes.d.ts,build-artifact,uncertain,build-output,
apps/api/dist/routes/theme.routes.js,build-artifact,uncertain,build-output,
apps/api/dist/routes/theme.routes.js.map,build-artifact,uncertain,build-output,
apps/api/dist/services/mock-api.service.d.ts,build-artifact,uncertain,build-output,
apps/api/dist/services/mock-api.service.js,build-artifact,uncertain,build-output,
apps/api/dist/services/mock-api.service.js.map,build-artifact,uncertain,build-output,
apps/api/dist/services/schema.service.d.ts,build-artifact,uncertain,build-output,
apps/api/dist/services/schema.service.js,build-artifact,uncertain,build-output,
apps/api/dist/services/schema.service.js.map,build-artifact,uncertain,build-output,
apps/api/package.json,config,uncertain,needs-runtime-trace,
apps/api/prisma/vtdr-client.cjs,code,uncertain,needs-runtime-trace,
apps/api/public/sdk-bridge.js,code,yes,express-static,
apps/api/src/index.ts,code,yes,import-graph,
apps/api/src/middlewares/context.middleware.ts,code,yes,import-graph,
apps/api/src/providers/local-theme-file-provider.ts,code,yes,import-graph,
apps/api/src/routes/runtime.routes.ts,code,yes,import-graph,
apps/api/src/routes/simulator.routes.ts,code,yes,import-graph,
apps/api/src/routes/store.routes.ts,code,yes,import-graph,
apps/api/src/routes/system.routes.ts,code,yes,import-graph,
apps/api/src/routes/theme.routes.ts,code,yes,import-graph,
apps/api/src/services/context-resolver.ts,code,yes,import-graph,
apps/api/src/type-hijack.d.ts,code,uncertain,needs-runtime-trace,
apps/api/src/utils/bootstrap.ts,code,yes,import-graph,
apps/api/tsconfig.json,config,uncertain,needs-runtime-trace,
apps/ui/dist/assets/index-1eb42257.js,build-artifact,uncertain,build-output,
apps/ui/dist/assets/index-c5f7a32a.css,build-artifact,uncertain,build-output,
apps/ui/dist/images/products/laptop.jpg,build-artifact,uncertain,build-output,
apps/ui/dist/images/products/phone.jpg,build-artifact,uncertain,build-output,
apps/ui/dist/images/products/placeholder.png,build-artifact,uncertain,build-output,
apps/ui/dist/images/products/shirt.jpg,build-artifact,uncertain,build-output,
apps/ui/dist/images/products/watch.jpg,build-artifact,uncertain,build-output,
apps/ui/dist/index.html,build-artifact,uncertain,build-output,
apps/ui/dist/preview.html,build-artifact,uncertain,build-output,
apps/ui/index.html,other,uncertain,needs-runtime-trace,
apps/ui/package.json,config,uncertain,needs-runtime-trace,
apps/ui/public/images/products/bag.jpg,asset-image,uncertain,needs-runtime-trace,
apps/ui/public/images/products/dress.jpg,asset-image,uncertain,needs-runtime-trace,
apps/ui/public/images/products/generate-dummy-images.ps1,other,uncertain,needs-runtime-trace,
apps/ui/public/images/products/glasses.jpg,asset-image,uncertain,needs-runtime-trace,
apps/ui/public/images/products/headphones.jpg,asset-image,uncertain,needs-runtime-trace,
apps/ui/public/images/products/laptop.jpg,asset-image,uncertain,needs-runtime-trace,
apps/ui/public/images/products/phone.jpg,asset-image,uncertain,needs-runtime-trace,
apps/ui/public/images/products/placeholder.png,asset-image,uncertain,needs-runtime-trace,
apps/ui/public/images/products/shirt.jpg,asset-image,uncertain,needs-runtime-trace,
apps/ui/public/images/products/watch.jpg,asset-image,uncertain,needs-runtime-trace,
apps/ui/public/preview.html,other,uncertain,needs-runtime-trace,
apps/ui/src/App.tsx,code,yes,import-graph,
apps/ui/src/components/PageComponentsEditor.tsx,code,uncertain,needs-runtime-trace,
apps/ui/src/components/PreviewPane.tsx,code,yes,import-graph,
apps/ui/src/components/StoreSettingsPanel.tsx,code,yes,import-graph,
apps/ui/src/components/ThemeSettingsPanel.tsx,code,yes,import-graph,
apps/ui/src/index.css,style-source,uncertain,needs-runtime-trace,
apps/ui/src/layouts/StoreLayout.tsx,code,yes,import-graph,
apps/ui/src/layouts/SystemLayout.tsx,code,yes,import-graph,
apps/ui/src/main.tsx,code,yes,import-graph,
apps/ui/src/pages/EditProduct.tsx,code,yes,import-graph,
apps/ui/src/pages/StoreCategories.tsx,code,yes,import-graph,
apps/ui/src/pages/StoreDashboard.tsx,code,yes,import-graph,
apps/ui/src/pages/StorePreview.tsx,code,yes,import-graph,
apps/ui/src/pages/StoreProducts.tsx,code,yes,import-graph,
apps/ui/src/pages/StoreStaticPages.tsx,code,yes,import-graph,
apps/ui/src/pages/SystemHome.tsx,code,yes,import-graph,
apps/ui/src/services/api.ts,code,yes,import-graph,
apps/ui/src/vite-env.d.ts,code,uncertain,needs-runtime-trace,
apps/ui/tsconfig.json,config,uncertain,needs-runtime-trace,
apps/ui/tsconfig.node.json,other,uncertain,needs-runtime-trace,
apps/ui/vite.config.ts,code,uncertain,needs-runtime-trace,
ARCHITECTURE.md,documentation,uncertain,needs-runtime-trace,
archive/md-archive-20260217-192912.zip,archive,no,historical-archive,
archive/md-archive-20260217-192912/ARCHITECTURE.md,archive,no,historical-archive,
archive/md-archive-20260217-192912/Docs/Architecture/Canonical-Foundation.md,archive,no,historical-archive,
archive/md-archive-20260217-192912/Docs/Architecture/Formal Ratification.md,archive,no,historical-archive,
archive/md-archive-20260217-192912/Docs/Architecture/New.md,archive,no,historical-archive,
archive/md-archive-20260217-192912/Docs/Architecture/Preview Layer.md,archive,no,historical-archive,
archive/md-archive-20260217-192912/Docs/Architecture/Theme-Directory-Structure-Compliance-Spec.md,archive,no,historical-archive,
archive/md-archive-20260217-192912/Docs/Architecture/Virtual Store–Driven Theme Runtime Architecture.md,archive,no,historical-archive,
archive/md-archive-20260217-192912/Docs/DEV.md,archive,no,historical-archive,
archive/md-archive-20260217-192912/Docs/Guidelines/Documentation-Alignment-Map.md,archive,no,historical-archive,
archive/md-archive-20260217-192912/Docs/Guidelines/Important.md,archive,no,historical-archive,
archive/md-archive-20260217-192912/Docs/Guidelines/Naming-Conventions.md,archive,no,historical-archive,
archive/md-archive-20260217-192912/Docs/Guidelines/Theme-Compatibility-Checklist.md,archive,no,historical-archive,
archive/md-archive-20260217-192912/Docs/Guidelines/Theme-Raed-Implementation-Reference.md,archive,no,historical-archive,
archive/md-archive-20260217-192912/Docs/Guidelines/Watcher-Integration.md,archive,no,historical-archive,
archive/md-archive-20260217-192912/Docs/Integration/Salla-Official-Alignment.md,archive,no,historical-archive,
archive/md-archive-20260217-192912/Docs/Integration/Salla-Theme-Blog-Practices.md,archive,no,historical-archive,
archive/md-archive-20260217-192912/Docs/Integration/Store-Events-Tracking-Contract.md,archive,no,historical-archive,
archive/md-archive-20260217-192912/Docs/Integration/Twilight-Global-Variables-Contract.md,archive,no,historical-archive,
archive/md-archive-20260217-192912/Docs/Integration/Twilight-Json-Compliance-Spec.md,archive,no,historical-archive,
archive/md-archive-20260217-192912/Docs/Integration/Twilight-SDK-Integration-Contract.md,archive,no,historical-archive,
archive/md-archive-20260217-192912/Docs/Integration/Twilight-Twig-Helpers-Filters-Contract.md,archive,no,historical-archive,
archive/md-archive-20260217-192912/Docs/Specifications/API_SPEC.md,archive,no,historical-archive,
archive/md-archive-20260217-192912/Docs/Specifications/DATA_SCHEMA_SPEC.md,archive,no,historical-archive,
archive/md-archive-20260217-192912/Docs/Specifications/Database Design Document.md,archive,no,historical-archive,
archive/md-archive-20260217-192912/Docs/Specifications/Image-Spec-Comparison-Matrix.md,archive,no,historical-archive,
archive/md-archive-20260217-192912/Docs/Specifications/Master Specification.md,archive,no,historical-archive,
archive/md-archive-20260217-192912/Docs/Specifications/SYSTEM_SPEC.md,archive,no,historical-archive,
archive/md-archive-20260217-192912/Docs/Specifications/Unified-Answers-Execution-Blueprint.md,archive,no,historical-archive,
archive/md-archive-20260217-192912/Docs/Vision/Executive Summary.md,archive,no,historical-archive,
archive/md-archive-20260217-192912/Docs/Vision/Project-Charter.md,archive,no,historical-archive,
archive/md-archive-20260217-192912/Docs/Vision/TheIdea.md,archive,no,historical-archive,
archive/md-archive-20260217-192912/Docs/Vision/Vision.md,archive,no,historical-archive,
archive/md-archive-20260217-192912/Docs/Vision/Why-and-Product-Statement.md,archive,no,historical-archive,
archive/md-archive-20260217-192912/INSTRUCTIONS_RESTRUCTURE_PLAN.md,archive,no,historical-archive,
archive/md-archive-20260217-192912/manifest.json,archive,no,historical-archive,
archive/md-archive-20260217-192912/manifest.txt,archive,no,historical-archive,
archive/md-archive-20260217-192912/packages/themes/theme-raed-master/CHANGELOG.md,archive,no,historical-archive,
archive/md-archive-20260217-192912/packages/themes/theme-raed-master/README.md,archive,no,historical-archive,
archive/md-archive-20260217-192912/README.md,archive,no,historical-archive,
Docs/Architecture/Canonical-Foundation.md,docs,uncertain,human-read,
Docs/Architecture/Formal Ratification.md,docs,uncertain,human-read,
Docs/Architecture/New.md,docs,uncertain,human-read,
Docs/Architecture/Preview Layer.md,docs,uncertain,human-read,
Docs/Architecture/Theme-Directory-Structure-Compliance-Spec.md,docs,uncertain,human-read,
Docs/Architecture/Virtual Store–Driven Theme Runtime Architecture.md,docs,uncertain,human-read,
Docs/Assets/12.png,docs,uncertain,human-read,
Docs/Assets/14.png,docs,uncertain,human-read,
Docs/Assets/2.webp,docs,uncertain,human-read,
Docs/Assets/5 (1).webp,docs,uncertain,human-read,
Docs/Assets/5.webp,docs,uncertain,human-read,
Docs/Assets/6.webp,docs,uncertain,human-read,
Docs/Assets/9.png,docs,uncertain,human-read,
Docs/Assets/9.webp,docs,uncertain,human-read,
Docs/Assets/image-36.webp,docs,uncertain,human-read,
Docs/Assets/readme.md,docs,uncertain,human-read,
Docs/Assets/set-up-theme-16new.png,docs,uncertain,human-read,
Docs/Assets/unnamed.png,docs,uncertain,human-read,
Docs/Code-Reality-Executive-Report.md,docs,uncertain,human-read,
Docs/COVERAGE-MATRIX-ALL-FILES.csv,docs,uncertain,human-read,
Docs/COVERAGE-STATS.json,docs,uncertain,human-read,
Docs/DEV.md,docs,uncertain,human-read,
Docs/Guidelines/Documentation-Alignment-Map.md,docs,uncertain,human-read,
Docs/Guidelines/Important.md,docs,uncertain,human-read,
Docs/Guidelines/Naming-Conventions.md,docs,uncertain,human-read,
Docs/Guidelines/Theme-Compatibility-Checklist.md,docs,uncertain,human-read,
Docs/Guidelines/Theme-Raed-Implementation-Reference.md,docs,uncertain,human-read,
Docs/Guidelines/Watcher-Integration.md,docs,uncertain,human-read,
Docs/Integration/Salla-Official-Alignment.md,docs,uncertain,human-read,
Docs/Integration/Salla-Theme-Blog-Practices.md,docs,uncertain,human-read,
Docs/Integration/Store-Events-Tracking-Contract.md,docs,uncertain,human-read,
Docs/Integration/Twilight-Global-Variables-Contract.md,docs,uncertain,human-read,
Docs/Integration/Twilight-Json-Compliance-Spec.md,docs,uncertain,human-read,
Docs/Integration/Twilight-SDK-Integration-Contract.md,docs,uncertain,human-read,
Docs/Integration/Twilight-Twig-Helpers-Filters-Contract.md,docs,uncertain,human-read,
Docs/Specifications/API_SPEC.md,docs,uncertain,human-read,
Docs/Specifications/DATA_SCHEMA_SPEC.md,docs,uncertain,human-read,
Docs/Specifications/Database Design Document.md,docs,uncertain,human-read,
Docs/Specifications/Image-Spec-Comparison-Matrix.md,docs,uncertain,human-read,
Docs/Specifications/Master Specification.md,docs,uncertain,human-read,
Docs/Specifications/SYSTEM_SPEC.md,docs,uncertain,human-read,
Docs/Specifications/Unified-Answers-Execution-Blueprint.md,docs,uncertain,human-read,
Docs/Vision/Executive Summary.md,docs,uncertain,human-read,
Docs/Vision/Project-Charter.md,docs,uncertain,human-read,
Docs/Vision/TheIdea.md,docs,uncertain,human-read,
Docs/Vision/Vision.md,docs,uncertain,human-read,
Docs/Vision/Why-and-Product-Statement.md,docs,uncertain,human-read,
INSTRUCTIONS_RESTRUCTURE_PLAN.md,documentation,uncertain,needs-runtime-trace,
package-lock.json,other,uncertain,needs-runtime-trace,
package.json,config,uncertain,needs-runtime-trace,
packages/contracts/component.contract.d.ts,code,uncertain,needs-runtime-trace,
packages/contracts/component.contract.js,code,uncertain,needs-runtime-trace,
packages/contracts/component.contract.js.map,other,uncertain,needs-runtime-trace,
packages/contracts/component.ts,code,yes,import-graph,
packages/contracts/content.ts,code,yes,import-graph,
packages/contracts/dal.contract.ts,code,yes,import-graph,
packages/contracts/data.contract.d.ts,code,uncertain,needs-runtime-trace,
packages/contracts/data.contract.js,code,uncertain,needs-runtime-trace,
packages/contracts/data.contract.js.map,other,uncertain,needs-runtime-trace,
packages/contracts/dist/component.d.ts,build-artifact,uncertain,build-output,
packages/contracts/dist/component.js,build-artifact,uncertain,build-output,
packages/contracts/dist/component.js.map,build-artifact,uncertain,build-output,
packages/contracts/dist/content.d.ts,build-artifact,uncertain,build-output,
packages/contracts/dist/content.js,build-artifact,uncertain,build-output,
packages/contracts/dist/content.js.map,build-artifact,uncertain,build-output,
packages/contracts/dist/dal.contract.d.ts,build-artifact,uncertain,build-output,
packages/contracts/dist/dal.contract.js,build-artifact,uncertain,build-output,
packages/contracts/dist/dal.contract.js.map,build-artifact,uncertain,build-output,
packages/contracts/dist/index.d.ts,build-artifact,uncertain,build-output,
packages/contracts/dist/index.js,build-artifact,uncertain,build-output,
packages/contracts/dist/index.js.map,build-artifact,uncertain,build-output,
packages/contracts/dist/runtime.d.ts,build-artifact,uncertain,build-output,
packages/contracts/dist/runtime.js,build-artifact,uncertain,build-output,
packages/contracts/dist/runtime.js.map,build-artifact,uncertain,build-output,
packages/contracts/dist/src/salla.generated.d.ts,build-artifact,uncertain,build-output,
packages/contracts/dist/src/salla.generated.js,build-artifact,uncertain,build-output,
packages/contracts/dist/src/salla.generated.js.map,build-artifact,uncertain,build-output,
packages/contracts/dist/src/schemas.d.ts,build-artifact,uncertain,build-output,
packages/contracts/dist/src/schemas.js,build-artifact,uncertain,build-output,
packages/contracts/dist/src/schemas.js.map,build-artifact,uncertain,build-output,
packages/contracts/dist/theme.d.ts,build-artifact,uncertain,build-output,
packages/contracts/dist/theme.js,build-artifact,uncertain,build-output,
packages/contracts/dist/theme.js.map,build-artifact,uncertain,build-output,
packages/contracts/index.ts,code,yes,import-graph,
packages/contracts/package.json,config,uncertain,needs-runtime-trace,
packages/contracts/runtime.contract.d.ts,code,uncertain,needs-runtime-trace,
packages/contracts/runtime.contract.js,code,uncertain,needs-runtime-trace,
packages/contracts/runtime.contract.js.map,other,uncertain,needs-runtime-trace,
packages/contracts/runtime.ts,code,yes,import-graph,
packages/contracts/salla.openapi.json,other,uncertain,needs-runtime-trace,
packages/contracts/src/salla.generated.ts,code,yes,import-graph,
packages/contracts/src/schemas.ts,code,yes,import-graph,
packages/contracts/theme.contract.d.ts,code,uncertain,needs-runtime-trace,
packages/contracts/theme.contract.js,code,uncertain,needs-runtime-trace,
packages/contracts/theme.contract.js.map,other,uncertain,needs-runtime-trace,
packages/contracts/theme.ts,code,yes,import-graph,
packages/contracts/tsconfig.json,config,uncertain,needs-runtime-trace,
packages/data/dist/generated-client/default.d.ts,build-artifact,uncertain,build-output,
packages/data/dist/generated-client/default.js,build-artifact,uncertain,build-output,
packages/data/dist/generated-client/default.js.map,build-artifact,uncertain,build-output,
packages/data/dist/generated-client/edge.d.ts,build-artifact,uncertain,build-output,
packages/data/dist/generated-client/edge.js,build-artifact,uncertain,build-output,
packages/data/dist/generated-client/edge.js.map,build-artifact,uncertain,build-output,
packages/data/dist/generated-client/index-browser.d.ts,build-artifact,uncertain,build-output,
packages/data/dist/generated-client/index-browser.js,build-artifact,uncertain,build-output,
packages/data/dist/generated-client/index-browser.js.map,build-artifact,uncertain,build-output,
packages/data/dist/generated-client/index.js,build-artifact,uncertain,build-output,
packages/data/dist/generated-client/index.js.map,build-artifact,uncertain,build-output,
packages/data/dist/generated-client/runtime/edge-esm.js,build-artifact,uncertain,build-output,
packages/data/dist/generated-client/runtime/edge-esm.js.map,build-artifact,uncertain,build-output,
packages/data/dist/generated-client/runtime/edge.d.ts,build-artifact,uncertain,build-output,
packages/data/dist/generated-client/runtime/edge.js,build-artifact,uncertain,build-output,
packages/data/dist/generated-client/runtime/edge.js.map,build-artifact,uncertain,build-output,
packages/data/dist/generated-client/runtime/index-browser.d.ts,build-artifact,uncertain,build-output,
packages/data/dist/generated-client/runtime/index-browser.js,build-artifact,uncertain,build-output,
packages/data/dist/generated-client/runtime/index-browser.js.map,build-artifact,uncertain,build-output,
packages/data/dist/generated-client/runtime/library.d.ts,build-artifact,uncertain,build-output,
packages/data/dist/generated-client/runtime/library.js,build-artifact,uncertain,build-output,
packages/data/dist/generated-client/runtime/library.js.map,build-artifact,uncertain,build-output,
packages/data/dist/generated-client/runtime/react-native.d.ts,build-artifact,uncertain,build-output,
packages/data/dist/generated-client/runtime/react-native.js,build-artifact,uncertain,build-output,
packages/data/dist/generated-client/runtime/react-native.js.map,build-artifact,uncertain,build-output,
packages/data/dist/generated-client/runtime/wasm.d.ts,build-artifact,uncertain,build-output,
packages/data/dist/generated-client/runtime/wasm.js,build-artifact,uncertain,build-output,
packages/data/dist/generated-client/runtime/wasm.js.map,build-artifact,uncertain,build-output,
packages/data/dist/generated-client/wasm.d.ts,build-artifact,uncertain,build-output,
packages/data/dist/generated-client/wasm.js,build-artifact,uncertain,build-output,
packages/data/dist/generated-client/wasm.js.map,build-artifact,uncertain,build-output,
packages/data/dist/index.d.ts,build-artifact,uncertain,build-output,
packages/data/dist/index.js,build-artifact,uncertain,build-output,
packages/data/dist/index.js.map,build-artifact,uncertain,build-output,
packages/data/dist/integration.test.d.ts,build-artifact,uncertain,build-output,
packages/data/dist/integration.test.js,build-artifact,uncertain,build-output,
packages/data/dist/integration.test.js.map,build-artifact,uncertain,build-output,
packages/data/dist/prisma-repository.d.ts,build-artifact,uncertain,build-output,
packages/data/dist/prisma-repository.js,build-artifact,uncertain,build-output,
packages/data/dist/prisma-repository.js.map,build-artifact,uncertain,build-output,
packages/data/package.json,config,uncertain,needs-runtime-trace,
packages/data/prisma/dev.db,db-artifact,uncertain,runtime-database,
packages/data/prisma/dev.db.bak,db-artifact,uncertain,runtime-database,
packages/data/prisma/dev.db.old,db-artifact,uncertain,runtime-database,
packages/data/prisma/migrations/20260216101029_init/migration.sql,db-migration,uncertain,migration-manual,
packages/data/prisma/migrations/migration_lock.toml,db-migration,uncertain,migration-manual,
packages/data/prisma/packages/data/prisma/dev.db,db-artifact,uncertain,runtime-database,
packages/data/prisma/prisma/dev.db,db-artifact,uncertain,runtime-database,
packages/data/prisma/schema.dev.prisma,db-schema,uncertain,needs-runtime-trace,
packages/data/prisma/schema.prisma,db-schema,uncertain,needs-runtime-trace,
packages/data/prisma/schema.vtdr.prisma,db-schema,uncertain,needs-runtime-trace,
packages/data/prisma/vtdr.db.old,db-artifact,uncertain,runtime-database,
packages/data/src/generated-client/default.d.ts,code,uncertain,needs-runtime-trace,
packages/data/src/generated-client/default.js,code,uncertain,needs-runtime-trace,
packages/data/src/generated-client/edge.d.ts,code,uncertain,needs-runtime-trace,
packages/data/src/generated-client/edge.js,code,uncertain,needs-runtime-trace,
packages/data/src/generated-client/index-browser.js,code,uncertain,needs-runtime-trace,
packages/data/src/generated-client/index.d.ts,code,uncertain,needs-runtime-trace,
packages/data/src/generated-client/index.js,code,uncertain,needs-runtime-trace,
packages/data/src/generated-client/package.json,config,uncertain,needs-runtime-trace,
packages/data/src/generated-client/query_engine-windows.dll.node,other,uncertain,needs-runtime-trace,
packages/data/src/generated-client/runtime/edge-esm.js,code,uncertain,needs-runtime-trace,
packages/data/src/generated-client/runtime/edge.js,code,uncertain,needs-runtime-trace,
packages/data/src/generated-client/runtime/index-browser.d.ts,code,uncertain,needs-runtime-trace,
packages/data/src/generated-client/runtime/index-browser.js,code,uncertain,needs-runtime-trace,
packages/data/src/generated-client/runtime/library.d.ts,code,uncertain,needs-runtime-trace,
packages/data/src/generated-client/runtime/library.js,code,uncertain,needs-runtime-trace,
packages/data/src/generated-client/runtime/react-native.js,code,uncertain,needs-runtime-trace,
packages/data/src/generated-client/runtime/wasm.js,code,uncertain,needs-runtime-trace,
packages/data/src/generated-client/schema.prisma,db-schema,uncertain,needs-runtime-trace,
packages/data/src/generated-client/wasm.d.ts,code,uncertain,needs-runtime-trace,
packages/data/src/generated-client/wasm.js,code,uncertain,needs-runtime-trace,
packages/data/src/index.ts,code,yes,import-graph,
packages/data/src/prisma-repository.ts,code,yes,import-graph,
packages/data/tsconfig.json,config,uncertain,needs-runtime-trace,
packages/engine/.env,config,uncertain,needs-runtime-trace,
packages/engine/.gitignore,other,uncertain,needs-runtime-trace,
packages/engine/dist/index.d.ts,build-artifact,uncertain,build-output,
packages/engine/dist/index.js,build-artifact,uncertain,build-output,
packages/engine/dist/index.js.map,build-artifact,uncertain,build-output,
packages/engine/dist/src/core/composition-engine.d.ts,build-artifact,uncertain,build-output,
packages/engine/dist/src/core/composition-engine.js,build-artifact,uncertain,build-output,
packages/engine/dist/src/core/composition-engine.js.map,build-artifact,uncertain,build-output,
packages/engine/dist/src/core/content-manager.d.ts,build-artifact,uncertain,build-output,
packages/engine/dist/src/core/content-manager.js,build-artifact,uncertain,build-output,
packages/engine/dist/src/core/content-manager.js.map,build-artifact,uncertain,build-output,
packages/engine/dist/src/core/localization-service.d.ts,build-artifact,uncertain,build-output,
packages/engine/dist/src/core/localization-service.js,build-artifact,uncertain,build-output,
packages/engine/dist/src/core/localization-service.js.map,build-artifact,uncertain,build-output,
packages/engine/dist/src/core/schema-service.d.ts,build-artifact,uncertain,build-output,
packages/engine/dist/src/core/schema-service.js,build-artifact,uncertain,build-output,
packages/engine/dist/src/core/schema-service.js.map,build-artifact,uncertain,build-output,
packages/engine/dist/src/core/store-factory.d.ts,build-artifact,uncertain,build-output,
packages/engine/dist/src/core/store-factory.js,build-artifact,uncertain,build-output,
packages/engine/dist/src/core/store-factory.js.map,build-artifact,uncertain,build-output,
packages/engine/dist/src/core/store-logic.d.ts,build-artifact,uncertain,build-output,
packages/engine/dist/src/core/store-logic.js,build-artifact,uncertain,build-output,
packages/engine/dist/src/core/store-logic.js.map,build-artifact,uncertain,build-output,
packages/engine/dist/src/infra/file-system.interface.d.ts,build-artifact,uncertain,build-output,
packages/engine/dist/src/infra/file-system.interface.js,build-artifact,uncertain,build-output,
packages/engine/dist/src/infra/file-system.interface.js.map,build-artifact,uncertain,build-output,
packages/engine/dist/src/infra/local-file-system.d.ts,build-artifact,uncertain,build-output,
packages/engine/dist/src/infra/local-file-system.js,build-artifact,uncertain,build-output,
packages/engine/dist/src/infra/local-file-system.js.map,build-artifact,uncertain,build-output,
packages/engine/dist/src/infra/theme-file-provider.interface.d.ts,build-artifact,uncertain,build-output,
packages/engine/dist/src/infra/theme-file-provider.interface.js,build-artifact,uncertain,build-output,
packages/engine/dist/src/infra/theme-file-provider.interface.js.map,build-artifact,uncertain,build-output,
packages/engine/dist/src/providers/seeder-service.d.ts,build-artifact,uncertain,build-output,
packages/engine/dist/src/providers/seeder-service.js,build-artifact,uncertain,build-output,
packages/engine/dist/src/providers/seeder-service.js.map,build-artifact,uncertain,build-output,
packages/engine/dist/src/providers/simulator.service.d.ts,build-artifact,uncertain,build-output,
packages/engine/dist/src/providers/simulator.service.js,build-artifact,uncertain,build-output,
packages/engine/dist/src/providers/simulator.service.js.map,build-artifact,uncertain,build-output,
packages/engine/dist/src/providers/synchronization-service.d.ts,build-artifact,uncertain,build-output,
packages/engine/dist/src/providers/synchronization-service.js,build-artifact,uncertain,build-output,
packages/engine/dist/src/providers/synchronization-service.js.map,build-artifact,uncertain,build-output,
packages/engine/dist/src/rendering/renderer-service.d.ts,build-artifact,uncertain,build-output,
packages/engine/dist/src/rendering/renderer-service.js,build-artifact,uncertain,build-output,
packages/engine/dist/src/rendering/renderer-service.js.map,build-artifact,uncertain,build-output,
packages/engine/dist/src/rendering/theme-loader.d.ts,build-artifact,uncertain,build-output,
packages/engine/dist/src/rendering/theme-loader.js,build-artifact,uncertain,build-output,
packages/engine/dist/src/rendering/theme-loader.js.map,build-artifact,uncertain,build-output,
packages/engine/dist/src/rendering/theme-registry.d.ts,build-artifact,uncertain,build-output,
packages/engine/dist/src/rendering/theme-registry.js,build-artifact,uncertain,build-output,
packages/engine/dist/src/rendering/theme-registry.js.map,build-artifact,uncertain,build-output,
packages/engine/dist/src/validators/salla-validator.d.ts,build-artifact,uncertain,build-output,
packages/engine/dist/src/validators/salla-validator.js,build-artifact,uncertain,build-output,
packages/engine/dist/src/validators/salla-validator.js.map,build-artifact,uncertain,build-output,
packages/engine/dist/src/webhooks/hook-service.d.ts,build-artifact,uncertain,build-output,
packages/engine/dist/src/webhooks/hook-service.js,build-artifact,uncertain,build-output,
packages/engine/dist/src/webhooks/hook-service.js.map,build-artifact,uncertain,build-output,
packages/engine/dist/src/webhooks/webhook-service.d.ts,build-artifact,uncertain,build-output,
packages/engine/dist/src/webhooks/webhook-service.js,build-artifact,uncertain,build-output,
packages/engine/dist/src/webhooks/webhook-service.js.map,build-artifact,uncertain,build-output,
packages/engine/index.ts,code,yes,import-graph,
packages/engine/package-lock.json,other,uncertain,needs-runtime-trace,
packages/engine/package.json,config,uncertain,needs-runtime-trace,
packages/engine/seed-store.js,code,uncertain,needs-runtime-trace,
packages/engine/src/core/composition-engine.ts,code,yes,import-graph,
packages/engine/src/core/content-manager.ts,code,yes,import-graph,
packages/engine/src/core/localization-service.ts,code,yes,import-graph,
packages/engine/src/core/schema-service.ts,code,yes,import-graph,
packages/engine/src/core/store-factory.ts,code,yes,import-graph,
packages/engine/src/core/store-logic.ts,code,yes,import-graph,
packages/engine/src/infra/file-system.interface.ts,code,yes,import-graph,
packages/engine/src/infra/local-file-system.ts,code,yes,import-graph,
packages/engine/src/infra/theme-file-provider.interface.ts,code,yes,import-graph,
packages/engine/src/providers/seeder-service.ts,code,yes,import-graph,
packages/engine/src/providers/simulator.service.ts,code,yes,import-graph,
packages/engine/src/providers/synchronization-service.ts,code,yes,import-graph,
packages/engine/src/rendering/renderer-service.ts,code,yes,import-graph,
packages/engine/src/rendering/theme-loader.ts,code,yes,import-graph,
packages/engine/src/rendering/theme-registry.ts,code,yes,import-graph,
packages/engine/src/validators/salla-validator.ts,code,yes,import-graph,
packages/engine/src/webhooks/hook-service.ts,code,yes,import-graph,
packages/engine/src/webhooks/webhook-service.ts,code,yes,import-graph,
packages/engine/tsconfig.json,config,uncertain,needs-runtime-trace,
packages/engine/vtdr.db,db-artifact,uncertain,runtime-database,
packages/themes/theme-raed-master/.gitignore,other,uncertain,needs-runtime-trace,
packages/themes/theme-raed-master/.vscode/settings.json,other,uncertain,needs-runtime-trace,
packages/themes/theme-raed-master/CHANGELOG.md,documentation,uncertain,needs-runtime-trace,
packages/themes/theme-raed-master/package.json,config,uncertain,needs-runtime-trace,
packages/themes/theme-raed-master/pnpm-lock.yaml,other,uncertain,needs-runtime-trace,
packages/themes/theme-raed-master/postcss.config.js,code,uncertain,needs-runtime-trace,
packages/themes/theme-raed-master/public/add-product-toast.js,code,yes,theme-runtime,
packages/themes/theme-raed-master/public/add-product-toast.js.LICENSE.txt,other,yes,theme-runtime,
packages/themes/theme-raed-master/public/app.css,style-source,yes,theme-runtime,
packages/themes/theme-raed-master/public/app.js,code,yes,theme-runtime,
packages/themes/theme-raed-master/public/app.js.LICENSE.txt,other,yes,theme-runtime,
packages/themes/theme-raed-master/public/checkout.js,code,yes,theme-runtime,
packages/themes/theme-raed-master/public/digital-files.js,code,yes,theme-runtime,
packages/themes/theme-raed-master/public/home.js,code,yes,theme-runtime,
packages/themes/theme-raed-master/public/images/check.svg,asset-image,yes,theme-runtime,
packages/themes/theme-raed-master/public/images/delivery-bro.svg,asset-image,yes,theme-runtime,
packages/themes/theme-raed-master/public/images/placeholder.png,asset-image,yes,theme-runtime,
packages/themes/theme-raed-master/public/images/s-empty-small.png,asset-image,yes,theme-runtime,
packages/themes/theme-raed-master/public/images/s-empty-square.png,asset-image,yes,theme-runtime,
packages/themes/theme-raed-master/public/images/s-empty-wide.png,asset-image,yes,theme-runtime,
packages/themes/theme-raed-master/public/images/s-empty.png,asset-image,yes,theme-runtime,
packages/themes/theme-raed-master/public/main-menu.js,code,yes,theme-runtime,
packages/themes/theme-raed-master/public/order.js,code,yes,theme-runtime,
packages/themes/theme-raed-master/public/pages.js,code,yes,theme-runtime,
packages/themes/theme-raed-master/public/product-card.js,code,yes,theme-runtime,
packages/themes/theme-raed-master/public/product.js,code,yes,theme-runtime,
packages/themes/theme-raed-master/public/product.js.LICENSE.txt,other,yes,theme-runtime,
packages/themes/theme-raed-master/public/testimonials.js,code,yes,theme-runtime,
packages/themes/theme-raed-master/public/testimonials.js.LICENSE.txt,other,yes,theme-runtime,
packages/themes/theme-raed-master/public/wishlist-card.js,code,yes,theme-runtime,
packages/themes/theme-raed-master/README.md,documentation,uncertain,needs-runtime-trace,
packages/themes/theme-raed-master/src/assets/images/check.svg,asset-image,uncertain,needs-runtime-trace,
packages/themes/theme-raed-master/src/assets/images/delivery-bro.svg,asset-image,uncertain,needs-runtime-trace,
packages/themes/theme-raed-master/src/assets/images/placeholder.png,asset-image,uncertain,needs-runtime-trace,
packages/themes/theme-raed-master/src/assets/images/s-empty-small.png,asset-image,uncertain,needs-runtime-trace,
packages/themes/theme-raed-master/src/assets/images/s-empty-square.png,asset-image,uncertain,needs-runtime-trace,
packages/themes/theme-raed-master/src/assets/images/s-empty-wide.png,asset-image,uncertain,needs-runtime-trace,
packages/themes/theme-raed-master/src/assets/images/s-empty.png,asset-image,uncertain,needs-runtime-trace,
packages/themes/theme-raed-master/src/assets/js/app-helpers.js,code,yes,import-graph,
packages/themes/theme-raed-master/src/assets/js/app.js,code,yes,import-graph,
packages/themes/theme-raed-master/src/assets/js/base-page.js,code,yes,import-graph,
packages/themes/theme-raed-master/src/assets/js/blog.js,code,yes,import-graph,
packages/themes/theme-raed-master/src/assets/js/brands.js,code,yes,import-graph,
packages/themes/theme-raed-master/src/assets/js/cart.js,code,yes,import-graph,
packages/themes/theme-raed-master/src/assets/js/home.js,code,yes,import-graph,
packages/themes/theme-raed-master/src/assets/js/loyalty.js,code,yes,import-graph,
packages/themes/theme-raed-master/src/assets/js/order.js,code,yes,import-graph,
packages/themes/theme-raed-master/src/assets/js/partials/add-product-toast.js,code,yes,import-graph,
packages/themes/theme-raed-master/src/assets/js/partials/anime.js,code,yes,import-graph,
packages/themes/theme-raed-master/src/assets/js/partials/digital-files.js,code,yes,import-graph,
packages/themes/theme-raed-master/src/assets/js/partials/image-zoom.js,code,yes,import-graph,
packages/themes/theme-raed-master/src/assets/js/partials/main-menu.js,code,yes,import-graph,
packages/themes/theme-raed-master/src/assets/js/partials/product-card.js,code,yes,import-graph,
packages/themes/theme-raed-master/src/assets/js/partials/tooltip.js,code,yes,import-graph,
packages/themes/theme-raed-master/src/assets/js/partials/validate-product-options.js,code,yes,import-graph,
packages/themes/theme-raed-master/src/assets/js/partials/wishlist-card.js,code,yes,import-graph,
packages/themes/theme-raed-master/src/assets/js/product.js,code,yes,import-graph,
packages/themes/theme-raed-master/src/assets/js/products.js,code,yes,import-graph,
packages/themes/theme-raed-master/src/assets/js/testimonials.js,code,yes,import-graph,
packages/themes/theme-raed-master/src/assets/js/thankyou.js,code,yes,import-graph,
packages/themes/theme-raed-master/src/assets/js/twilight.js,code,yes,import-graph,
packages/themes/theme-raed-master/src/assets/js/wishlist.js,code,yes,import-graph,
packages/themes/theme-raed-master/src/assets/styles/01-settings/breakpoints.scss,style-source,uncertain,needs-runtime-trace,
packages/themes/theme-raed-master/src/assets/styles/01-settings/fonts.scss,style-source,uncertain,needs-runtime-trace,
packages/themes/theme-raed-master/src/assets/styles/01-settings/global.scss,style-source,uncertain,needs-runtime-trace,
packages/themes/theme-raed-master/src/assets/styles/01-settings/tailwind.scss,style-source,uncertain,needs-runtime-trace,
packages/themes/theme-raed-master/src/assets/styles/02-generic/_mixins.scss,style-source,uncertain,needs-runtime-trace,
packages/themes/theme-raed-master/src/assets/styles/02-generic/animations.scss,style-source,uncertain,needs-runtime-trace,
packages/themes/theme-raed-master/src/assets/styles/02-generic/common.scss,style-source,uncertain,needs-runtime-trace,
packages/themes/theme-raed-master/src/assets/styles/02-generic/lazyload.scss,style-source,uncertain,needs-runtime-trace,
packages/themes/theme-raed-master/src/assets/styles/02-generic/ltr.scss,style-source,uncertain,needs-runtime-trace,
packages/themes/theme-raed-master/src/assets/styles/02-generic/reset.scss,style-source,uncertain,needs-runtime-trace,
packages/themes/theme-raed-master/src/assets/styles/02-generic/rtl.scss,style-source,uncertain,needs-runtime-trace,
packages/themes/theme-raed-master/src/assets/styles/02-generic/tooltip.scss,style-source,uncertain,needs-runtime-trace,
packages/themes/theme-raed-master/src/assets/styles/03-elements/buttons.scss,style-source,uncertain,needs-runtime-trace,
packages/themes/theme-raed-master/src/assets/styles/03-elements/form.scss,style-source,uncertain,needs-runtime-trace,
packages/themes/theme-raed-master/src/assets/styles/03-elements/radio-images.scss,style-source,uncertain,needs-runtime-trace,
packages/themes/theme-raed-master/src/assets/styles/03-elements/radio.scss,style-source,uncertain,needs-runtime-trace,
packages/themes/theme-raed-master/src/assets/styles/04-components/add-product-toast.scss,style-source,uncertain,needs-runtime-trace,
packages/themes/theme-raed-master/src/assets/styles/04-components/brands.scss,style-source,uncertain,needs-runtime-trace,
packages/themes/theme-raed-master/src/assets/styles/04-components/filters.scss,style-source,uncertain,needs-runtime-trace,
packages/themes/theme-raed-master/src/assets/styles/04-components/footer.scss,style-source,uncertain,needs-runtime-trace,
packages/themes/theme-raed-master/src/assets/styles/04-components/gifting.scss,style-source,uncertain,needs-runtime-trace,
packages/themes/theme-raed-master/src/assets/styles/04-components/header.scss,style-source,uncertain,needs-runtime-trace,
packages/themes/theme-raed-master/src/assets/styles/04-components/home-blocks.scss,style-source,uncertain,needs-runtime-trace,
packages/themes/theme-raed-master/src/assets/styles/04-components/landing-page.scss,style-source,uncertain,needs-runtime-trace,
packages/themes/theme-raed-master/src/assets/styles/04-components/loyalty.scss,style-source,uncertain,needs-runtime-trace,
packages/themes/theme-raed-master/src/assets/styles/04-components/menus.scss,style-source,uncertain,needs-runtime-trace,
packages/themes/theme-raed-master/src/assets/styles/04-components/no-content-placeholder.scss,style-source,uncertain,needs-runtime-trace,
packages/themes/theme-raed-master/src/assets/styles/04-components/product.scss,style-source,uncertain,needs-runtime-trace,
packages/themes/theme-raed-master/src/assets/styles/04-components/slider.scss,style-source,uncertain,needs-runtime-trace,
packages/themes/theme-raed-master/src/assets/styles/04-components/user-menu.scss,style-source,uncertain,needs-runtime-trace,
packages/themes/theme-raed-master/src/assets/styles/04-components/user-pages.scss,style-source,uncertain,needs-runtime-trace,
packages/themes/theme-raed-master/src/assets/styles/04-components/virtooal.scss,style-source,uncertain,needs-runtime-trace,
packages/themes/theme-raed-master/src/assets/styles/05-utilities/chat-bots.scss,style-source,uncertain,needs-runtime-trace,
packages/themes/theme-raed-master/src/assets/styles/05-utilities/font-customization.scss,style-source,uncertain,needs-runtime-trace,
packages/themes/theme-raed-master/src/assets/styles/05-utilities/safari-fixes.scss,style-source,uncertain,needs-runtime-trace,
packages/themes/theme-raed-master/src/assets/styles/05-utilities/swal.scss,style-source,uncertain,needs-runtime-trace,
packages/themes/theme-raed-master/src/assets/styles/app.scss,style-source,uncertain,needs-runtime-trace,
packages/themes/theme-raed-master/src/locales/ar.json,other,uncertain,needs-runtime-trace,
packages/themes/theme-raed-master/src/locales/en.json,other,uncertain,needs-runtime-trace,
packages/themes/theme-raed-master/src/views/components/footer/footer.twig,theme-template,yes,theme-runtime,
packages/themes/theme-raed-master/src/views/components/header/header.twig,theme-template,yes,theme-runtime,
packages/themes/theme-raed-master/src/views/components/home/brands.twig,theme-template,yes,theme-runtime,
packages/themes/theme-raed-master/src/views/components/home/custom-testimonials.twig,theme-template,yes,theme-runtime,
packages/themes/theme-raed-master/src/views/components/home/enhanced-slider.twig,theme-template,yes,theme-runtime,
packages/themes/theme-raed-master/src/views/components/home/enhanced-square-banners.twig,theme-template,yes,theme-runtime,
packages/themes/theme-raed-master/src/views/components/home/featured-products-style1.twig,theme-template,yes,theme-runtime,
packages/themes/theme-raed-master/src/views/components/home/featured-products-style2.twig,theme-template,yes,theme-runtime,
packages/themes/theme-raed-master/src/views/components/home/featured-products-style3.twig,theme-template,yes,theme-runtime,
packages/themes/theme-raed-master/src/views/components/home/fixed-banner.twig,theme-template,yes,theme-runtime,
packages/themes/theme-raed-master/src/views/components/home/fixed-products.twig,theme-template,yes,theme-runtime,
packages/themes/theme-raed-master/src/views/components/home/latest-products.twig,theme-template,yes,theme-runtime,
packages/themes/theme-raed-master/src/views/components/home/main-links.twig,theme-template,yes,theme-runtime,
packages/themes/theme-raed-master/src/views/components/home/parallax-background.twig,theme-template,yes,theme-runtime,
packages/themes/theme-raed-master/src/views/components/home/photos-slider.twig,theme-template,yes,theme-runtime,
packages/themes/theme-raed-master/src/views/components/home/products-slider.twig,theme-template,yes,theme-runtime,
packages/themes/theme-raed-master/src/views/components/home/slider-products-with-header.twig,theme-template,yes,theme-runtime,
packages/themes/theme-raed-master/src/views/components/home/square-photos.twig,theme-template,yes,theme-runtime,
packages/themes/theme-raed-master/src/views/components/home/store-features.twig,theme-template,yes,theme-runtime,
packages/themes/theme-raed-master/src/views/components/home/testimonials.twig,theme-template,yes,theme-runtime,
packages/themes/theme-raed-master/src/views/components/home/youtube.twig,theme-template,yes,theme-runtime,
packages/themes/theme-raed-master/src/views/layouts/customer.twig,theme-template,yes,theme-runtime,
packages/themes/theme-raed-master/src/views/layouts/master.twig,theme-template,yes,theme-runtime,
packages/themes/theme-raed-master/src/views/pages/blog/index.twig,theme-template,yes,theme-runtime,
packages/themes/theme-raed-master/src/views/pages/blog/single.twig,theme-template,yes,theme-runtime,
packages/themes/theme-raed-master/src/views/pages/brands/index.twig,theme-template,yes,theme-runtime,
packages/themes/theme-raed-master/src/views/pages/brands/single.twig,theme-template,yes,theme-runtime,
packages/themes/theme-raed-master/src/views/pages/cart.twig,theme-template,yes,theme-runtime,
packages/themes/theme-raed-master/src/views/pages/customer/notifications.twig,theme-template,yes,theme-runtime,
packages/themes/theme-raed-master/src/views/pages/customer/orders/index.twig,theme-template,yes,theme-runtime,
packages/themes/theme-raed-master/src/views/pages/customer/orders/single.twig,theme-template,yes,theme-runtime,
packages/themes/theme-raed-master/src/views/pages/customer/profile.twig,theme-template,yes,theme-runtime,
packages/themes/theme-raed-master/src/views/pages/customer/wallet.twig,theme-template,yes,theme-runtime,
packages/themes/theme-raed-master/src/views/pages/customer/wishlist.twig,theme-template,yes,theme-runtime,
packages/themes/theme-raed-master/src/views/pages/debug.twig,theme-template,yes,theme-runtime,
packages/themes/theme-raed-master/src/views/pages/index.twig,theme-template,yes,theme-runtime,
packages/themes/theme-raed-master/src/views/pages/landing-page.twig,theme-template,yes,theme-runtime,
packages/themes/theme-raed-master/src/views/pages/loyalty.twig,theme-template,yes,theme-runtime,
packages/themes/theme-raed-master/src/views/pages/page-single.twig,theme-template,yes,theme-runtime,
packages/themes/theme-raed-master/src/views/pages/partials/product/options.twig,theme-template,yes,theme-runtime,
packages/themes/theme-raed-master/src/views/pages/partials/product/reservations.twig,theme-template,yes,theme-runtime,
packages/themes/theme-raed-master/src/views/pages/product/index.twig,theme-template,yes,theme-runtime,
packages/themes/theme-raed-master/src/views/pages/product/single.twig,theme-template,yes,theme-runtime,
packages/themes/theme-raed-master/src/views/pages/testimonials.twig,theme-template,yes,theme-runtime,
packages/themes/theme-raed-master/src/views/pages/thank-you.twig,theme-template,yes,theme-runtime,
packages/themes/theme-raed-master/tailwind.config.js,code,uncertain,needs-runtime-trace,
packages/themes/theme-raed-master/twilight.json,other,yes,theme-runtime,
packages/themes/theme-raed-master/webpack.config.js,code,uncertain,needs-runtime-trace,
README.md,documentation,uncertain,needs-runtime-trace,
settings_check.json,other,uncertain,needs-runtime-trace,
settings_output.json,other,uncertain,needs-runtime-trace,
tsconfig.base.json,other,uncertain,needs-runtime-trace,
turbo.json,config,uncertain,needs-runtime-trace,
vitest.config.ts,code,uncertain,needs-runtime-trace,
apps/api/st-server.js,missing,no,apps/api package script serve:mock,referenced but not found
cleaning-audit.js,missing,no,root package script clean,referenced but not found